,m-FDA score,MPT,DDK rate,DDK regularity,VOT,pause duration,SZR
m-FDA score,-,0.004094,0.000000,0.005547,1.,0.000032,1.
MPT,0.450119,-,0.062440,1.,1.,0.062440,0.062440
DDK rate,0.643193,0.251115,-,0.000001,0.001009,0.000000,1.
DDK regularity,-0.439369,-0.11334,-0.466562,-,1.,1.,1.
VOT,-0.127958,-0.102691,-0.348669,-0.07215,-,0.000001,0.69851
pause duration,-0.567247,-0.253727,-0.707879,0.005516,0.461533,-,0.125202
SZR,-0.131995,-0.255918,0.114004,-0.006051,-0.163101,-0.22925,-
