,W,pval,normal
Frenchay Score,0.9286782145500183,0.0010577138746157289,False
MPT,0.82657390832901,7.024436587954597e-11,False
DDK rate,0.9858520030975342,0.21598738431930542,True
DDK regularity,0.6142809391021729,1.097392857754418e-16,False
VOT,0.9153839349746704,7.800488219800172e-07,False
pause duration,0.6490787267684937,6.294501942580495e-16,False
SZR,0.7796226739883423,2.9865311612642387e-12,False
